Position, Company, Location, URL
Senior Open Source Developer & DevOps (Python  Django  React  AWS/OpenStack),OpenCraft,Anywhere in the World,https://weworkremotely.com/remote-jobs/opencraft-senior-open-source-developer-devops-python-django-react-aws-openstack
Python Testing Expert,CARU AG,Europe Only,https://weworkremotely.com/remote-jobs/caru-ag-python-testing-expert
Lead Full-Stack Software Engineer - Python / Django,InfoBeans Inc.,USA Only,https://weworkremotely.com/remote-jobs/infobeans-inc-lead-full-stack-software-engineer-python-django
Senior Backend Python Engineer: Long-term job - 100% remote,Proxify AB,Latin America Only/Europe Only/EMEA Only,https://weworkremotely.com/remote-jobs/proxify-ab-senior-backend-python-engineer-long-term-job-100-remote
Senior/Staff Software Engineer - Backend/Python - USA (100% Remote),Close,USA Only,https://weworkremotely.com/remote-jobs/close-senior-staff-software-engineer-backend-python-usa-100-remote
[하나금융융합기술원] 부문별 경력직 연구원 (~07/31)의 전체 세부 정보,하나금융티아이,서울 강남구,https://kr.indeed.com/rc/clk?jk=9a79c9e9976c5a7f&fccid=eb82f052aed06b37&vjs=3
2023년 군인공제회C&C 신입/경력 직원의 전체 세부 정보,군인공제회C&C,서울 용산구,https://kr.indeed.com/rc/clk?jk=932d27b2c96e688a&fccid=d19fd56044f970e9&vjs=3
딥러닝 AI 개발 연구원의 전체 세부 정보,베이리스,성남 수정구,https://kr.indeed.com/rc/clk?jk=87309d3ff40ead61&fccid=ce871e9e4a9f430a&vjs=3
백엔드 개발자(인턴십)의 전체 세부 정보,액스,서울 서초구,https://kr.indeed.com/rc/clk?jk=b7223c792bfcbcd4&fccid=5013eca338141e7d&vjs=3
백엔드 엔지니어 (Python) 정규직의 전체 세부 정보,데이터비,서울 마포구,https://kr.indeed.com/rc/clk?jk=79d696388d32d3ff&fccid=dd6f5fd8e8c02e7e&vjs=3
(주)누리기술 신입 및 경력 프로그래머 (C++  Python)의 전체 세부 정보,누리기술,대구 수성구,https://kr.indeed.com/rc/clk?jk=9fb1bf156c419110&fccid=6bb693f7d22f2adc&vjs=3
[알스퀘어] Python Backend Server Application 개발 경력직의 전체 세부 정보,알스퀘어부동산중개법인,서울 강남구,https://kr.indeed.com/rc/clk?jk=454b1c4b2997dece&fccid=ceaba15614996767&vjs=3
백엔드(Python  Java) 개발자의 전체 세부 정보,액스,서울 서초구,https://kr.indeed.com/rc/clk?jk=49b74fb1bc811617&fccid=5013eca338141e7d&vjs=3
서버 엔지니어 (Python)의 전체 세부 정보,페이히어,서울 강남구,https://kr.indeed.com/rc/clk?jk=0908641d333d7155&fccid=254f50a1adb01cad&vjs=3
Business Intelligence Analyst  Seoul  Korea의 전체 세부 정보,Tesla,서울 강남구,https://kr.indeed.com/rc/clk?jk=4b3dfd13c88992b8&fccid=86e9be6ce380173e&vjs=3
데이터분석 신입/경력 정규직의 전체 세부 정보,블록스퀘어서울,서울 서초구,https://kr.indeed.com/rc/clk?jk=88960e11c2cdd682&fccid=72348558bd9456ba&vjs=3
데이터 엔지니어 (데이터플랫폼팀)의 전체 세부 정보,무신사,서울 성동구,https://kr.indeed.com/rc/clk?jk=4ea127ebeb6128d4&fccid=a21230b40394711d&vjs=3
[데브시스터즈] DevOps Engineer (신입)의 전체 세부 정보,데브시스터즈,서울 강남구,https://kr.indeed.com/rc/clk?jk=3058f7280a2e6644&fccid=58a9a803698a0afd&vjs=3
데이터분석 및 모델링 담당자의 전체 세부 정보,부동산일일사,서울 서초구,https://kr.indeed.com/rc/clk?jk=73bf711a001207f8&fccid=6aefef11451c23ac&vjs=3
[인텔리전스랩스] 데이터 분석가 (메이플스토리 게임 분석)의 전체 세부 정보,Nexon,경기도 성남,https://kr.indeed.com/rc/clk?jk=722e44fae148f317&fccid=aba87288e4cc3687&vjs=3
2023년 DIgital Lab 전문계약직 상시의 전체 세부 정보,GS칼텍스,서울 강남구,https://kr.indeed.com/rc/clk?jk=2e45e43017a6ea1f&fccid=f152288f3dcf6e51&vjs=3
자율 주행  로봇 SW 개발자의 전체 세부 정보,에바,성남 수정구,https://kr.indeed.com/rc/clk?jk=e30fe92d72ceb17c&fccid=5cc87f5890bd7170&vjs=3
[인텔리전스랩스] 탐지응용팀 백엔드 개발자 (Python/Go)의 전체 세부 정보,Nexon,경기도 성남,https://kr.indeed.com/rc/clk?jk=4ce79aa71969b913&fccid=aba87288e4cc3687&vjs=3
Python 분석 인원 정규직 채용의 전체 세부 정보,(주)스마트모빌러티 관심기업,서울 휘경동,https://kr.indeed.com/rc/clk?jk=5e761f105a377ae8&fccid=307824036b9dcb17&vjs=3
[TaaS] Data Scientist[연구원  책임연구원]의 전체 세부 정보,현대자동차그룹,서울 강남구,https://kr.indeed.com/rc/clk?jk=67b03ffab1c536ba&fccid=980d6ecc399a3373&vjs=3
각 부문별 신입/경력의 전체 세부 정보,KIS자산평가,대한민국,https://kr.indeed.com/rc/clk?jk=de61dd2d0d75d25b&fccid=90d5e85f0669b30a&vjs=3
연료전지 시스템 개발자 신입/경력의 전체 세부 정보,에스더블유이노베이션,울산 남구,https://kr.indeed.com/rc/clk?jk=34c567bb7c8cf5f8&fccid=aa3d40d5941abad1&vjs=3
빅데이터플랫폼 / Python 개발자의 전체 세부 정보,핸디소프트,안양 동안구,https://kr.indeed.com/rc/clk?jk=303b66892cc9e275&fccid=d22d7c6a99de76b6&vjs=3
[KIS자산평가] 각 부문별 신입/경력의 전체 세부 정보,키스자산평가,서울 영등포구,https://kr.indeed.com/rc/clk?jk=768f2b070ae6e870&fccid=50e8aec529f867e7&vjs=3
가정산출 및 보험위험 분석 / 가정관리 담당자 (대리-과장급)의 전체 세부 정보,라이나생명보험,서울 종로구,https://kr.indeed.com/rc/clk?jk=3c6ad70d7bce5f54&fccid=ecbbeac4938b074a&vjs=3
ARM/RISC 기반 서버/클라우드 System S/W 전문가의 전체 세부 정보,에스케이텔레콤,성남 분당구,https://kr.indeed.com/rc/clk?jk=9d89df3353db8c46&fccid=ce2f0f28b40a5be8&vjs=3
기술 인턴 인공지능 응용 연구/개발 인턴의 전체 세부 정보,써로마인드로보틱스,서울 관악구,https://kr.indeed.com/rc/clk?jk=71c47ac87bb4087e&fccid=230e414668234579&vjs=3
Product Manager Intern의 전체 세부 정보,엘박스,서울 강남구,https://kr.indeed.com/rc/clk?jk=2a6475efc383bcc1&fccid=7680b35a9dabadab&vjs=3
[선행기술원] 차량용 반도체_SoC 검증[책임연구원]의 전체 세부 정보,현대자동차그룹,성남 판교역,https://kr.indeed.com/rc/clk?jk=643b27f565f4b83d&fccid=980d6ecc399a3373&vjs=3
ML engineer신입/경력의 전체 세부 정보,휴멜로,서울 서초구,https://kr.indeed.com/rc/clk?jk=44f5eac4d64251b0&fccid=bfcf58497cea02a4&vjs=3
[INEEJI] 2022년 (주)인이지 PM  프로젝트컨설턴트 (기술컨설팅팀)의 전체 세부 정보,인이지,서울 서초구,https://kr.indeed.com/rc/clk?jk=5f4e52f7f2cb6cb9&fccid=8a0714879bbe4b76&vjs=3
Algorithmic Trader의 전체 세부 정보,Presto,서울,https://kr.indeed.com/rc/clk?jk=e5ee39c189b8dd8f&fccid=37b31c805f66f58e&vjs=3
8퍼센트 개발자 (신입/경력)의 전체 세부 정보,8퍼센트,서울 종로구,https://kr.indeed.com/rc/clk?jk=8af26b37623864c4&fccid=ac216a9ae7b75c06&vjs=3
[SI 분야] 함께 하실분의 전체 세부 정보,글로벌랩,서울,https://kr.indeed.com/rc/clk?jk=521f23593c73d0a6&fccid=559b020ac716336d&vjs=3
페이코 서비스 데이터 사이언티스트의 전체 세부 정보,NHN,성남 판교역,https://kr.indeed.com/rc/clk?jk=8980d74e80a93849&fccid=cc378bd7bc831eca&vjs=3
Data Scientist의 전체 세부 정보,Toss,서울,https://kr.indeed.com/rc/clk?jk=9cb8324539546a71&fccid=18c4935c8ec646d5&vjs=3
대기업계열 모빌리티 데이터 분석 모델 개발 (신입/경력)의 전체 세부 정보,경연파트너스,서울 용산구,https://kr.indeed.com/rc/clk?jk=fc4ce8e7031b4ab0&fccid=0f76eb1d9acd6c10&vjs=3
데이터표준품질부문 경력직 (정규직)의 전체 세부 정보,한국정보기술단,서울 강남구,https://kr.indeed.com/rc/clk?jk=2dab915188811f21&fccid=99925e8e7b9604cc&vjs=3
[화장품 제조업] IT팀 RPA/ EP의 전체 세부 정보,제이앤파트너즈코리아,성남 분당구,https://kr.indeed.com/rc/clk?jk=b932410123c13f53&fccid=f42c79dbecd0cc7b&vjs=3
한화솔루션 큐셀부문 Data Engineer의 전체 세부 정보,한화솔루션,서울 중구,https://kr.indeed.com/rc/clk?jk=f88998a782cbd99a&fccid=2e8b08781039bb66&vjs=3
웹개발자 백엔드&서버개발(HTML·DHTML·mHTML  JAVA 외) 신입/경력 정규직의 전체 세부 정보,블록스퀘어서울,서울 서초구,https://kr.indeed.com/rc/clk?jk=1eeb4f006adf13ba&fccid=72348558bd9456ba&vjs=3
[선행기술원] 수치해석 기법 개발 (시뮬레이션)[책임연구원]의 전체 세부 정보,현대자동차그룹,성남 판교역,https://kr.indeed.com/rc/clk?jk=e88a012377584fab&fccid=980d6ecc399a3373&vjs=3
Python(Django) 개발자 (5년 이상)의 전체 세부 정보,아테나스랩,서울 마포구,https://kr.indeed.com/rc/clk?jk=ba78ed3077c94631&fccid=f7418ec5d47158aa&vjs=3
인공지능(AI)  머신러닝(ML) 외 경력의 전체 세부 정보,쉬모스랩,서울 강남구,https://kr.indeed.com/rc/clk?jk=6dab9c1fdc2c4374&fccid=b48377719ace2e16&vjs=3
파이썬(python) 백엔드 개발자의 전체 세부 정보,아토머스,서울 강남구,https://kr.indeed.com/rc/clk?jk=7e8499c0e2fe4afb&fccid=660bbb21789ab63d&vjs=3
Student Researcher  2023의 전체 세부 정보,Google,서울,https://kr.indeed.com/rc/clk?jk=f438fdb09a101e51&fccid=a5b4499d9e91a5c6&vjs=3
Data/Machine Learning Engineer (신입)의 전체 세부 정보,플리토,서울 강남구,https://kr.indeed.com/rc/clk?jk=5ab0b45dfa93411b&fccid=01aed038bcce2a5f&vjs=3
Director  Data Science/Analytics의 전체 세부 정보,Coupang,서울,https://kr.indeed.com/rc/clk?jk=c28284c35803cfe6&fccid=56e12959d04ef145&vjs=3
위시켓과 함께할 서버개발자님의 전체 세부 정보,위시켓,서울 강남구,https://kr.indeed.com/rc/clk?jk=a3a65a4d59061430&fccid=533c91503ff32d48&vjs=3
Senior Application Engineer의 전체 세부 정보,Ansys,서울,https://kr.indeed.com/pagead/clk?mo=r&ad=-6NYlbfkN0C_VxUQDhzcEtU5UIQUIXNdycmbXVRtU8htuAzRK_ilEtj_GUc6UbOCUkMoh8528FjgPVBso1akCM6oSlaOYomN7SPdv0YjR36UviDkqvG5c4L67DYfyjj0wfdI0tDBAwfhKMQ2VllfxPqFPXAv8yt99kX1E7nVcOIqLDYCjDoFQJ6BNTX6i9bZNjbiDNArs_LFYAwF-bbY1ngCHc23VsAXbRszHFS8hnKARTW8_fFmlum24PyLvtIHyIny16qaG54sQZaOqimwDoO_GnpkP_makxx6kZzCF5P5NMNxND-z9SeXxn-NGMVeQ5qeXKX_zrWYW6dLZUgbgqEe7hZ7YzRclMLL9huQQcN98poGeg_65AYFMvBOQL5Z6oInpMXZHJjUff7HDlEdn7R_5VqpPb_EhkQ-gXQwiB_wyDMf5LAc7xo5Az9UuJCJZ9Beg7P_JyIUzRS-H8Y1fXIszZlpPx7PAWjDBPixvhw41aWjtIt8FruDeFP8OeQmSbtqUS5Trv2hOanWZNbtcVBtQTDJn8RtDpl69crd5TQIRk16ufEWpM0vxQQELR7DkK0gAK8tMzkvqBhrQH8MAFwQY4d-CSRcqo5RrKGFOSQxClRLZelGrBi6KHZNZy8aZQRlv-dRL-yUHi12jGeMR8Oqd_t4_osVoyXUZZOxXHTl8dCVHH4ZXGZEFUVnawUCF0dstCpTJT7_mMMwdPhEhOaOrFlwlnBp5X0Ez-nfM2Y51iVm1q1R0TY-lVXnMGVRKMMxR4KZ5nDSpE02MsBYS2lBXDwK1hvhrL2P9l433oQtfoId7TqnAjMv7Wgc6fKqtYj6SBhRs1qLTHQlt0io3haMwb2nA4SYSrzGgz-ZNVoPdoCA1gyGxD99RJ9skQgpW9wVziV_QALWqgtuwiK6Nzalspn763kXyjGnU-khJWrn0lXpjjVYLZJwcRrV0rOsmkqgi_mgMZ97_BkVq_Gut7I_Wn8aq787v7LNFhvWJj_Ze0VOyoDxQHrrukoC_e8Z-LTmxZ0Q4x0myOt_ljenMql2uDkct_38XvB2A1yiC9mHlwJyk6hSPInH61AbSNH4FsZuOYZd2W8nnlLAINErRV317gD8nVFwORa0S4smePWgh5ZVnxPen8MoWC469GIHMhA2vc8VYRw=&xkcb=SoDL-_M3MJTXY8xg5R0CbzkdCdPP&p=4&fvj=0&vjs=3
2023년 (주)메디씽큐 R&D 분야 정규직 신입/경력의 전체 세부 정보,메디씽큐,성남 분당구,https://kr.indeed.com/rc/clk?jk=cbdd90559e583679&fccid=a872981c5478e93c&vjs=3
2023년 (주)하람아이 AI팀의 전체 세부 정보,하람아이,성남 수정구,https://kr.indeed.com/rc/clk?jk=f1a40936df480707&fccid=5d0ea4093a1ed598&vjs=3
전문연구요원 (병역특례) 수시 (AI / SW 분야)의 전체 세부 정보,딥엑스,성남 분당구,https://kr.indeed.com/rc/clk?jk=d83fc0dd2641f483&fccid=e34932b8232a173b&vjs=3
[홈페이지지원] 2023년 신입·경력 중의 전체 세부 정보,사이냅소프트,서울 강서구,https://kr.indeed.com/rc/clk?jk=c0cd7991573c901d&fccid=0673ca84bc014599&vjs=3
국내 펀드 트레이더 신입(신입만)의 전체 세부 정보,두나미스자산운용,대한민국,https://kr.indeed.com/rc/clk?jk=83feb679a252bacc&fccid=3e3ca98d4801ac53&vjs=3
Wi-Fi 소프트웨어 엔지니어 (신입/경력)의 전체 세부 정보,인피니언코리아,성남 분당구,https://kr.indeed.com/rc/clk?jk=acf2807bdb4705cb&fccid=50debe8434cd12fc&vjs=3
OpenCV/MATLAB/TensorFlow/Python/C/C++/Linux 알고리즘 엔지니어의 전체 세부 정보,더마미러,서울 서초구,https://kr.indeed.com/rc/clk?jk=1c37e28f84ac99d9&fccid=f401a9b533c97602&vjs=3
[INEEJI] 2022년 (주)인이지 AI 연구소 (개발자 )의 전체 세부 정보,인이지,서울 서초구,https://kr.indeed.com/rc/clk?jk=51647a2a0f287804&fccid=8a0714879bbe4b76&vjs=3
2023년 하반기 공개 (총무  기획  설계  엔지니어  영업  소프트웨어 개발  연구  연구보조)의 전체 세부 정보,테크로스,부산 강서구,https://kr.indeed.com/rc/clk?jk=c55939408962dd81&fccid=29564924c504e9e9&vjs=3
Data Scientist (데이터 사이언티스트)의 전체 세부 정보,인포카,서울 성북구,https://kr.indeed.com/rc/clk?jk=003ddc75555449fd&fccid=c44bf11dec3a719d&vjs=3
[데브시스터즈] Data Analyst의 전체 세부 정보,데브시스터즈,서울 강남구,https://kr.indeed.com/rc/clk?jk=6b53335986238646&fccid=58a9a803698a0afd&vjs=3
Research Scientist의 전체 세부 정보,Riiid Labs,서울,https://kr.indeed.com/rc/clk?jk=3d794e5c45b53dd1&fccid=933989f3b0ffe928&vjs=3
Machine Learning R&D 연구원의 전체 세부 정보,카이어,서울 서초구,https://kr.indeed.com/rc/clk?jk=19da3484bd7a72f1&fccid=908ef26c4dd7595f&vjs=3
JR0192526 SW engineer intern의 전체 세부 정보,인텔코리아,서울,https://kr.indeed.com/rc/clk?jk=83f4939522ffaa68&fccid=ded06d6a6799d929&vjs=3
영상처리  컴퓨터 비전 전문가 (신입/경력)의 전체 세부 정보,에바,성남 수정구,https://kr.indeed.com/rc/clk?jk=2642a83874ea6bab&fccid=5cc87f5890bd7170&vjs=3
[올라핀테크] 핀테크 플랫폼 Python(파이썬) 개발자의 전체 세부 정보,주식회사 올라핀테크 관심기업,서울 논현동,https://kr.indeed.com/rc/clk?jk=83afc0063130f3f2&fccid=ee9199e84b45d22f&vjs=3
소프트웨어  하드웨어 외 신입/경력의 전체 세부 정보,다빈소프트,창원 의창구,https://kr.indeed.com/rc/clk?jk=b837dfe10d8b5128&fccid=3b84f00d9022664d&vjs=3
[전문연구요원] 의료영상 리서치 엔지니어 정규직의 전체 세부 정보,메디픽셀,서울 마포구,https://kr.indeed.com/rc/clk?jk=3544467a7b64376f&fccid=aba88c202493b8a5&vjs=3
Quantitative Researcher의 전체 세부 정보,WorldQuant,서울,https://kr.indeed.com/rc/clk?jk=348a65ecf46497d8&fccid=08487f979320ebae&vjs=3
Digital Intern의 전체 세부 정보,Assembly,서울,https://kr.indeed.com/rc/clk?jk=814fa3f80e49870a&fccid=b67ebe83591248fb&vjs=3
웹개발  백엔드 외 경력 정규직의 전체 세부 정보,아이티엔제이,울산 남구,https://kr.indeed.com/rc/clk?jk=7dbaa95d22eacd29&fccid=e2652b7e13d4cb4d&vjs=3
Financial  Regulatory and Risk Reporting Speciallist의 전체 세부 정보,Deutsche Bank,서울,https://kr.indeed.com/rc/clk?jk=4e842304541b3a53&fccid=f1d8e147024abb3f&vjs=3
파이썬(python) 백엔드 개발자(전문연구요원)의 전체 세부 정보,아토머스,서울 강남구,https://kr.indeed.com/rc/clk?jk=c3ea7ef913ec52d2&fccid=660bbb21789ab63d&vjs=3
2023년 한화시스템 석/박사 신입 및 경력 채용 (SW분야)의 전체 세부 정보,한화그룹,서울,https://kr.indeed.com/rc/clk?jk=540ce8adcf30a84b&fccid=bd0dc1817223394f&vjs=3
Data Scientist의 전체 세부 정보,Logistics Management Institute,서울,https://kr.indeed.com/rc/clk?jk=ffcab40699b79c6b&fccid=12626f295bf6a003&vjs=3
