Position, Company, Location, URL, 
Software Engineer (React Native),KioskBuddy,Anywhere in the World,https://weworkremotely.com/remote-jobs/kioskbuddy-software-engineer-react-native, 
Senior Full Stack Developer (React.js - Next.js): 100% Remote,Proxify AB,Latin America Only/Europe Only/EMEA Only,https://weworkremotely.com/remote-jobs/proxify-ab-senior-full-stack-developer-react-js-next-js-100-remote, 
Senior React Native Developer: Long-term job - 100% remote,Proxify AB,Latin America Only/Europe Only/EMEA Only,https://weworkremotely.com/remote-jobs/proxify-ab-senior-react-native-developer-long-term-job-100-remote, 
Senior Open Source Developer & DevOps (Python  Django  React  AWS/OpenStack),OpenCraft,Anywhere in the World,https://weworkremotely.com/remote-jobs/opencraft-senior-open-source-developer-devops-python-django-react-aws-openstack, 
Sr. Full Stack Engineer (Javascript/Typescript  Node/React),Grouse Software Labs Inc,Americas Only,https://weworkremotely.com/remote-jobs/grouse-software-labs-inc-sr-full-stack-engineer-javascript-typescript-node-react, 
Senior UI Software Engineer (React),Mathspace,Anywhere in the World,https://weworkremotely.com/remote-jobs/mathspace-senior-ui-software-engineer-react-6, 
프론트엔드(React) 개발직군 (경력/신입)의 전체 세부 정보,오버노드,성남 분당구,https://kr.indeed.com/rc/clk?jk=a03637c472227c7c&fccid=235f65bfc26a933c&vjs=3, 
프론트엔드 신입 / 경력 개발자의 전체 세부 정보,와이즈텍,서울 용산구,https://kr.indeed.com/rc/clk?jk=ea99143338a319b7&fccid=8b01882cef0e8002&vjs=3, 
React Native 개발자 채용의 전체 세부 정보,에임메드 관심기업,서울 신사동,https://kr.indeed.com/rc/clk?jk=8d5b60de0d83cef7&fccid=550acac7e1dd0333&vjs=3, 
[경력] 프론트엔드 개발 (React) (2년~)의 전체 세부 정보,그럼에도,서울 강남구,https://kr.indeed.com/rc/clk?jk=6a5c74b6cbf335e9&fccid=cd31c656c682729c&vjs=3, 
웹개발  프론트엔드 외 신입/경력 정규직의 전체 세부 정보,아트맵,대구 북구,https://kr.indeed.com/rc/clk?jk=c7bfe01c5679b8c8&fccid=d66b60a88c4cdb83&vjs=3, 
프론트엔드(React) 개발자의 전체 세부 정보,액스,서울 서초구,https://kr.indeed.com/rc/clk?jk=f19b12e9debd6534&fccid=5013eca338141e7d&vjs=3, 
플랫폼 프론트엔드 개발자 (React)를 모십니다.의 전체 세부 정보,(주)휴톰 관심기업,서울 대흥동,https://kr.indeed.com/rc/clk?jk=68fa2e8f6b62e92a&fccid=667cf6cbd3cba549&vjs=3, 
[MUSMA] Front-End(React) 개발자 경력직(부산근무)의 전체 세부 정보,무스마,부산,https://kr.indeed.com/rc/clk?jk=1750265b130c35b6&fccid=6950344543e23f98&vjs=3, 
웹개발자(Java React  Vue  api)  포항 광양 근무가능의 전체 세부 정보,네이처아이,포항 남구,https://kr.indeed.com/rc/clk?jk=fdabd9a6198d9699&fccid=4a45c004143471f1&vjs=3, 
Web 프론트엔드 개발자의 전체 세부 정보,안랩,성남 분당구,https://kr.indeed.com/rc/clk?jk=72f100aa361702c5&fccid=0b88b2af6686dd2b&vjs=3, 
[경력] 풀스택 개발 (Django/React) (2년~)의 전체 세부 정보,그럼에도,서울 강남구,https://kr.indeed.com/rc/clk?jk=ff55497ebe7dd291&fccid=cd31c656c682729c&vjs=3, 
[신입/경력] 백앤드/프론트앤드 개발자의 전체 세부 정보,포에스텍,서울 성동구,https://kr.indeed.com/rc/clk?jk=0c6d2dbaa9d96000&fccid=3476005418c1964d&vjs=3, 
Frontend 개발자의 전체 세부 정보,플리토,서울 강남구,https://kr.indeed.com/rc/clk?jk=cb85566aedd4d1cf&fccid=01aed038bcce2a5f&vjs=3, 
JR0192526 SW engineer intern의 전체 세부 정보,인텔코리아,서울,https://kr.indeed.com/rc/clk?jk=83f4939522ffaa68&fccid=ded06d6a6799d929&vjs=3, 
Web Frontend Developer의 전체 세부 정보,빙글,서울 서초구,https://kr.indeed.com/rc/clk?jk=0c115faca3e6dcd0&fccid=58664998b168e14f&vjs=3, 
(다댐 앱) 웹/앱 신입 개발자의 전체 세부 정보,링크캠퍼스,광주 동구,https://kr.indeed.com/rc/clk?jk=925ae3f0822222b0&fccid=89d494f1287eb583&vjs=3, 
프론트엔드 엔지니어 (React)의 전체 세부 정보,페이히어,서울 강남구,https://kr.indeed.com/rc/clk?jk=cf63e3660c5b73d3&fccid=254f50a1adb01cad&vjs=3, 
[] React Native 개발자 (경력 1년 이상)의 전체 세부 정보,인프랩,성남 분당구,https://kr.indeed.com/rc/clk?jk=90c1c48e6159ebb4&fccid=7b68e3f0c2e83d05&vjs=3, 
프론트엔드 신입 정규직의 전체 세부 정보,엠아이솔루션,대전 유성구,https://kr.indeed.com/rc/clk?jk=4286cf2792adff12&fccid=17164eb61dc096d8&vjs=3, 
(주) 패스트림 React 웹 개발자의 전체 세부 정보,패스트림,서울 서초구,https://kr.indeed.com/rc/clk?jk=ccce757f9470d07d&fccid=e9d4861e38b26c44&vjs=3, 
[토리에듀핀]모바일 애플리케이션 프로그래머의 전체 세부 정보,토리에듀핀,서울 마포구,https://kr.indeed.com/rc/clk?jk=a1bed0b340b3d2a2&fccid=dd616958bd9ddc12&vjs=3, 
react native developer의 전체 세부 정보,주식회사 디지털뉴트리션,서울,https://kr.indeed.com/company/%EC%A3%BC%EC%8B%9D%ED%9A%8C%EC%82%AC-%EB%94%94%EC%A7%80%ED%84%B8%EB%89%B4%ED%8A%B8%EB%A6%AC%EC%85%98/jobs/Developer-2df511f835500e7d?fccid=56448be5935399aa&vjs=3, 
[TaaS] Frontend Engineer for Mobility[연구원  책임연구원]의 전체 세부 정보,현대자동차그룹,서울 강남구,https://kr.indeed.com/rc/clk?jk=0f4ae9338d4a09eb&fccid=980d6ecc399a3373&vjs=3, 
[ICT] Frontend Developer[매니저(G2)  책임매니저(G3)]의 전체 세부 정보,현대자동차그룹,서울 양재역,https://kr.indeed.com/rc/clk?jk=ad22068e94a52e63&fccid=980d6ecc399a3373&vjs=3, 
안랩닷컴 개발자 (Java Web)의 전체 세부 정보,안랩,성남 분당구,https://kr.indeed.com/rc/clk?jk=7f3e69da6cc10179&fccid=0b88b2af6686dd2b&vjs=3, 
[NHN Bugs] 티켓링크 서비스 담당 FE개발 경력의 전체 세부 정보,엔에이치엔벅스,서울 강남구,https://kr.indeed.com/rc/clk?jk=b61f2c2b693da73a&fccid=c735718f69fb3d0c&vjs=3, 
한화솔루션 큐셀부문 Frontend 개발자의 전체 세부 정보,한화솔루션,서울 중구,https://kr.indeed.com/rc/clk?jk=1f77989a5c852578&fccid=2e8b08781039bb66&vjs=3, 
[popprika] 신규 서비스앱 - 프론트엔드 개발자 (경력 1명)의 전체 세부 정보,파프리카,서울 강남구,https://kr.indeed.com/rc/clk?jk=52f244b5066b5603&fccid=b5d7e26689a65b40&vjs=3, 
프론트엔드 웹 개발자의 전체 세부 정보,어밸브,서울 서초구,https://kr.indeed.com/rc/clk?jk=4b2477e0be648bb5&fccid=90e59c5d7146f2da&vjs=3, 
SOFTWARE ENGINEER - FRONTEND의 전체 세부 정보,ODK Media  Inc.,서울,https://kr.indeed.com/rc/clk?jk=66b704e48bfeaa97&fccid=3b1901acc774c742&vjs=3, 
Quizium Frontend Engineer의 전체 세부 정보,Riiid Labs,서울,https://kr.indeed.com/rc/clk?jk=385a475779da5a7d&fccid=933989f3b0ffe928&vjs=3, 
[양재역] 백엔드(C++ React SQL)의 전체 세부 정보,시니어앤파트너즈,서울 서초구,https://kr.indeed.com/rc/clk?jk=4a0490977c32a7a3&fccid=59060ddcdf96b101&vjs=3, 
[보충역] React 개발자의 전체 세부 정보,아이엠티소프트,과천 과천시,https://kr.indeed.com/rc/clk?jk=025f7c5cb7e96a92&fccid=b497e6a07a56c49e&vjs=3, 
TrusGuard 관리 콘솔 개발(프론트엔드)의 전체 세부 정보,안랩,성남 분당구,https://kr.indeed.com/rc/clk?jk=c30367fd455254fd&fccid=0b88b2af6686dd2b&vjs=3, 
.NET  C#  React  프론트엔드  백엔드 신입/경력 정규직의 전체 세부 정보,디포커스,서울 성동구,https://kr.indeed.com/rc/clk?jk=d32c39cd2f3c0f33&fccid=94cb52fcbb33911f&vjs=3, 
FrontEnd Developer(프론트앤드) 클라이언트 개발자 경력의 전체 세부 정보,에스제이에이치스튜디오,서울 역삼동,https://kr.indeed.com/rc/clk?jk=89a05c7c844b1526&fccid=b160cc3e023e1129&vjs=3, 
여행 좋아하는 주니어 개발자의 전체 세부 정보,메리홀리데이,서울 강남구,https://kr.indeed.com/rc/clk?jk=bcb66193e91fee96&fccid=a42311527da9836f&vjs=3, 
[신입/경력] 프론트엔드 개발 (html외2 부문 정규직 모집의 전체 세부 정보,(주)원더온 관심기업,서울 성수동1가,https://kr.indeed.com/rc/clk?jk=56e6e827298d33b6&fccid=62a316a4088ad7de&vjs=3, 
신기술 개발자 신입의 전체 세부 정보,핸디소프트,안양 동안구,https://kr.indeed.com/rc/clk?jk=efdbe2aa24ada0ca&fccid=d22d7c6a99de76b6&vjs=3, 
풀스택 웹 개발자 경력 정규직의 전체 세부 정보,노태그코리아,서울 중구,https://kr.indeed.com/rc/clk?jk=601dc14ba8490125&fccid=ca96d67d509ca7a2&vjs=3, 
대기업 React 기발 운영 개발 하실 분의 전체 세부 정보,아이이에이,서울 중구,https://kr.indeed.com/rc/clk?jk=e5f5865f7d719f77&fccid=4f8894fe45617618&vjs=3, 
HRBP의 전체 세부 정보,Dyson,대한민국,https://kr.indeed.com/rc/clk?jk=dad0a34d6dc1dd31&fccid=366382f52796fce2&vjs=3, 
플랫폼 개발자 - 웹 프론트엔드 신입 & 경력의 전체 세부 정보,폰비,서울 서초구,https://kr.indeed.com/rc/clk?jk=a8facfb353ed8eaa&fccid=0ba317c3d108f20e&vjs=3, 
Junior Backend Engineer의 전체 세부 정보,Tata Consultancy Services,서울,https://kr.indeed.com/rc/clk?jk=11cc954f61658a13&fccid=d9b9208177142548&vjs=3, 
Mobile App Engineer (React Native/React)의 전체 세부 정보,브레이브모바일,서울 강남구,https://kr.indeed.com/rc/clk?jk=9ee7254bd9e96397&fccid=d232ddab0e778e48&vjs=3, 
JMP Account Executive (Bio-Pharma)의 전체 세부 정보,JMP,서울,https://kr.indeed.com/rc/clk?jk=0e4ce26d691e94f6&fccid=9d8f9645b29bd0f6&vjs=3, 
웹개발  백엔드 외 경력 정규직의 전체 세부 정보,아이티엔제이,울산 남구,https://kr.indeed.com/rc/clk?jk=7dbaa95d22eacd29&fccid=e2652b7e13d4cb4d&vjs=3, 
Digital Communications Officer의 전체 세부 정보,국경없는의사회 한국,서울 강남구,https://kr.indeed.com/rc/clk?jk=a8730c6edbaaa002&fccid=ef6a7567d77a96bc&vjs=3, 
핀테크 플랫폼 개발의 전체 세부 정보,NHN PAYCO,성남 판교역,https://kr.indeed.com/rc/clk?jk=ed092cebbdf903d9&fccid=cc378bd7bc831eca&vjs=3, 
프론트엔드/백엔드 개발 직원 의 건의 전체 세부 정보,비즈코웍,서울 서초구,https://kr.indeed.com/rc/clk?jk=2f64f69afe83a16e&fccid=3b5af77baa8b0a70&vjs=3, 
국내 대기업 - Web frontend 개발 경력자의 전체 세부 정보,라피플코리아리미티드,서울,https://kr.indeed.com/rc/clk?jk=1f08ce671e4cb41e&fccid=28f5722fca6f5b12&vjs=3, 
프론트엔드 시니어(미들) 개발자의 전체 세부 정보,주식회사 에피소든,서울,https://kr.indeed.com/rc/clk?cmp=%EC%A3%BC%EC%8B%9D%ED%9A%8C%EC%82%AC-%EC%97%90%ED%94%BC%EC%86%8C%EB%93%A0&ti=%ED%94%84%EB%A1%A0%ED%8A%B8%EC%97%94%EB%93%9C+%EC%8B%9C%EB%8B%88%EC%96%B4%28%EB%AF%B8%EB%93%A4%29+%EA%B0%9C%EB%B0%9C%EC%9E%90&jk=095bdaf3578d9fe3&fccid=c198e67989a1d2ad&vjs=3, 
창의적이고 열정적인 React 개발자의 전체 세부 정보,바로티나,성남 분당구,https://kr.indeed.com/rc/clk?jk=ab61bc14873eeafe&fccid=ecaf696bd32aee88&vjs=3, 
시니어 리액트 개발자 React Developer의 전체 세부 정보,콜라보그라운드,서울 마포구,https://kr.indeed.com/rc/clk?jk=36a31ace20dd0154&fccid=328fd7f0dadb77a2&vjs=3, 
인프라칩과 함께하는 프론트엔드(Vue  React) 경력개발자의 전체 세부 정보,인프라칩,경기도 하남,https://kr.indeed.com/rc/clk?jk=bd86203c73992351&fccid=81b0da6ed88034f8&vjs=3, 
[신입/경력] 모바일앱/서버/블록체인 개발직군 정규직의 전체 세부 정보,블랍스,서울 서초구,https://kr.indeed.com/rc/clk?jk=08f89e942c7621c4&fccid=7f161a41d9bc8cfc&vjs=3, 
[코아메소드] REACT 프리랜서 개발자 (고급)의 전체 세부 정보,코아메소드,서울 마포구,https://kr.indeed.com/rc/clk?jk=a087ba20ce0a88f1&fccid=a2f4b9020f0cf3c1&vjs=3, 
부설연구소 - APP 개발자의 전체 세부 정보,대호아이앤티,창원 마산회원구,https://kr.indeed.com/rc/clk?jk=33425c1240506c57&fccid=5371318b6396aac3&vjs=3, 
프론트엔드 개발자의 전체 세부 정보,프라이빗테크놀로지,서울 금천구,https://kr.indeed.com/rc/clk?jk=ce8ce765ad03fdd7&fccid=dd616958bd9ddc12&vjs=3, 
css  웹퍼블리셔(HTML코딩) 외 경력 정규직의 전체 세부 정보,에이피서비스,서울 강남구,https://kr.indeed.com/rc/clk?jk=2dbe4c7e2066d839&fccid=561d63cf81871305&vjs=3, 
민트팟 개발팀 직원의 전체 세부 정보,민트팟,서울 서초구,https://kr.indeed.com/rc/clk?jk=4e8a928aec4c8aaf&fccid=8ccf12dd65544365&vjs=3, 
PM  JAVA 외 신입/경력의 전체 세부 정보,에이블스토어,서울 영등포구,https://kr.indeed.com/rc/clk?jk=660c099577411cda&fccid=99beb1e8af7ed1d8&vjs=3, 
[인공지능기업] Front-End  HTML  CSS의 전체 세부 정보,딥브레인에이아이,서울,https://kr.indeed.com/rc/clk?jk=655b7360721ec6a7&fccid=302172cb32d33ddc&vjs=3, 
[마켓오브메테리얼] Web Front-end Engineer의 전체 세부 정보,마켓오브메테리얼,성남 수정구,https://kr.indeed.com/rc/clk?jk=eb49c2463803cf10&fccid=606aec63eb72f6c0&vjs=3, 
개발자(백엔드)의 전체 세부 정보,레이즈지엘에스,서울 서초동,https://kr.indeed.com/rc/clk?jk=e8e60d7b06fd0aa0&fccid=2df813faf0d503c5&vjs=3, 
App Engineer (React Native  차량 구독 서비스)의 전체 세부 정보,포티투닷,서울 강남구,https://kr.indeed.com/rc/clk?jk=1c06f9e77ee164ec&fccid=52e84b216bdd9f11&vjs=3, 
웹 프로그래머의 전체 세부 정보,하이케어넷,서울 송파구,https://kr.indeed.com/rc/clk?jk=4528fdce04c57e9a&fccid=611fa11912ceae03&vjs=3, 
프론트개발(React)의 전체 세부 정보,해커스,서울 강남구,https://kr.indeed.com/rc/clk?jk=9eac0ee1a3315bdf&fccid=9fcc8dc27a170fd3&vjs=3, 
[분당] 미들웨어 UI개발 파트장의 전체 세부 정보,시니어앤파트너즈,성남 분당구,https://kr.indeed.com/rc/clk?jk=c5a5cfcb037291ab&fccid=59060ddcdf96b101&vjs=3, 
[PUBG STUDIOS] Anti-Cheat Platform Engineer (2년 이상)의 전체 세부 정보,PUBG STUDIOS,서울,https://kr.indeed.com/rc/clk?jk=62eaedc15c4510e9&fccid=051dea12fa886be2&vjs=3, 
Frontend 개발자의 전체 세부 정보,Success Korea,서울 강남구,https://kr.indeed.com/rc/clk?jk=872bf1dcde9675f3&fccid=d29ddc820620b02e&vjs=3, 
국내 대기업 계열사 - 웹퍼블리셔(대리과장급)의 전체 세부 정보,라피플코리아리미티드,서울,https://kr.indeed.com/rc/clk?jk=a3c18f21582ed2b4&fccid=28f5722fca6f5b12&vjs=3, 
프론트엔드 개발자  백엔드 개발자 중의 전체 세부 정보,로드윌,대전광역시,https://kr.indeed.com/rc/clk?jk=adcedcfe93437ce1&fccid=dfbb25d823af0f88&vjs=3, 
개발자(프론트엔드/백엔드) 정규직 신입/경력자를 모십니다.의 전체 세부 정보,아토즈소프트 관심기업,서울 성수동2가,https://kr.indeed.com/rc/clk?jk=c6846f4abf3d57cb&fccid=3401aed56a2304e2&vjs=3, 
Java Web 개발자의 전체 세부 정보,안랩,성남 분당구,https://kr.indeed.com/rc/clk?jk=41138bca7f2c6ed8&fccid=0b88b2af6686dd2b&vjs=3, 
